﻿{"ProductModel":[{"ProductModelID":6,"ProductModel":{"Name":"HL Road Frame"},"ProductID":680,"Product":{"Name":"HL Road Frame - Black, 58"},"ProductNumber":"FR-R92B-58","MakeFlag":true,"FinishedGoodsFlag":true,"Color":"Black","Size":"58","SafetyStockLevel":500,"ReorderPoint":375,"SellStartDate":"2008-04-30T00:00:00"},{"ProductModelID":6,"ProductModel":{"Name":"HL Road Frame"},"ProductID":706,"Product":{"Name":"HL Road Frame - Red, 58"},"ProductNumber":"FR-R92R-58","MakeFlag":true,"FinishedGoodsFlag":true,"Color":"Red","Size":"58","SafetyStockLevel":500,"ReorderPoint":375,"SellStartDate":"2008-04-30T00:00:00"},{"ProductModelID":33,"ProductModel":{"Name":"Sport-100"},"ProductID":707,"Product":{"Name":"Sport-100 Helmet, Red"},"ProductNumber":"HL-U509-R","MakeFlag":false,"FinishedGoodsFlag":true,"Color":"Red","SafetyStockLevel":4,"ReorderPoint":3,"SellStartDate":"2011-05-31T00:00:00"},{"ProductModelID":33,"ProductModel":{"Name":"Sport-100"},"ProductID":708,"Product":{"Name":"Sport-100 Helmet, Black"},"ProductNumber":"HL-U509","MakeFlag":false,"FinishedGoodsFlag":true,"Color":"Black","SafetyStockLevel":4,"ReorderPoint":3,"SellStartDate":"2011-05-31T00:00:00"},{"ProductModelID":18,"ProductModel":{"Name":"Mountain Bike Socks"},"ProductID":709,"Product":{"Name":"Mountain Bike Socks, M"},"ProductNumber":"SO-B909-M","MakeFlag":false,"FinishedGoodsFlag":true,"Color":"White","Size":"M","SafetyStockLevel":4,"ReorderPoint":3,"SellStartDate":"2011-05-31T00:00:00"}]}